{"cameraMode":{"drawMode":0,"name":"Shaded","section":"Shading Mode"},"sceneLighting":false,"audioPlay":false,"sceneViewState":{"m_AlwaysRefresh":false,"showFog":true,"showSkybox":false,"showFlares":true,"showImageEffects":true,"showParticleSystems":true,"showVisualEffectGraphs":true,"m_FxEnabled":true},"in2DMode":false,"pivot":{"x":190.0497589111328,"y":114.05748748779297,"z":121.16972351074219},"rotation":{"x":-0.01588914543390274,"y":0.9809811115264893,"z":-0.1712227314710617,"w":-0.09055289626121521},"size":1.2247449159622193,"orthographic":false}